month,box_id,title,subtitle,note
August,1,Executive Summary,Executive Summary,"ใช้งบรวม ฿25.2K โดยงบหลักอยู่ที่ Page Follower Campaign ~80% และ Awareness จังหวัดชลบุรี 20%
Page Follower สร้าง 7,958 Facebook Likes ที่ Cost per Like เฉลี่ย ฿2.54
กลุ่มอายุ 45–64 ปี มี Efficiency โดยรวมดีที่สุด แต่ Creative Message มีผลต่อ Performance มากกว่า Audience"
August,2,Suggestion,Suggestion,"Key Issue 
- การเพิ่มสัดส่วน Video Creative ในเดือนนี้ช่วยให้ Cost per Like เฉลี่ยลดลงเหลือ ฿2.54 จากเดิม ฿3.43 (-26%) สะท้อนว่า Video มีแนวโน้มสร้าง Page Like ได้มีประสิทธิภาพมากขึ้น โดย Winning Creative “มีเงิน ทอง นาก เก่า ไม่ได้ใช้ อย่าทิ้งไว้ให้เสียเปล่า” ทำ Cost per Page Like ต่ำสุดที่ ฿1.11
- การทำ Awareness Campaign ยังเน้นเฉพาะพื้นที่ชลบุรี ทำให้ Brand Awareness และการรับรู้จุดให้บริการในพื้นที่สาขาอื่นยังมีโอกาสขยายเพิ่มเติม
- นำ Winning Video Format จาก TikTok มาต่อยอดบน Facebook เพื่อเพิ่มจำนวน Creative สำหรับ Awareness และลดการพึ่งพา Content รูปแบบเดิม


Suggestion / Next Step
- Scale Video Creative บน Facebook เพิ่มขึ้น โดยนำแนวทางจาก Winning Creative ปัจจุบันมาพัฒนาเป็น Variation ใหม่ เพื่อรักษา Efficiency และหา Creative Winner เพิ่มเติม
- ขยาย Awareness Campaign ให้ครอบคลุมพื้นที่ที่มีสาขา เพื่อเพิ่ม Brand Awareness และสร้างการรับรู้ว่ามีจุดให้บริการใกล้กลุ่มเป้าหมาย
- นำ Video สาขาที่ Performance ดีจาก TikTok มาทดสอบบน Facebook Awareness เพื่อหา Cross-platform Winner และใช้ Content Asset ให้เกิดประโยชน์สูงสุด
- พัฒนา Localized Creative แยกตามสาขา/พื้นที่ โดยระบุชื่อสาขา พื้นที่ให้บริการ และข้อมูลที่ช่วยสร้างความ Relevant กับลูกค้าในแต่ละพื้นที่
- เพิ่มสัดส่วน Content ที่ช่วยสร้าง Trust เช่น ขั้นตอนตรวจ/ประเมินสินค้า, Customer Case 
- ทดสอบ TikTok Winning Format เช่น KOL / Creator-style, Customer Story บน Facebook เพื่อหา Creative Direction ใหม่สำหรับการ Scale Awareness"