"Campaign name",Age,Gender,"Ad name","Amount spent (THB)",Reach,Impressions,"Facebook likes","Post engagements","Post comments","Post reactions","Post saves","Post shares","Video plays",Leads,"Messaging conversations started","Reporting starts","Reporting ends"
"2105 | MOD - GSM | Awareness - BKK | Oct2026",55-64,male,"B2C Awareness 02",604.83,45765,76908,,87,1,17,4,,,,1,2026-10-01,2026-10-07
"2105 | MOD - GSM | Awareness - BKK | Oct2026",45-54,male,"B2C Awareness 02",484.16,40156,61337,,75,,17,3,,,,,2026-10-01,2026-10-07
"2105 | MOD - GSM | Awareness - Chonburi | Oct2026",25-34,male,"B2C Awareness 02",429.21,35177,53470,,93,,8,1,,,,,2026-10-01,2026-10-07
"2105 | MOD - GSM | Awareness - BKK | Oct2026",55-64,female,"B2C Awareness 02",371.5,28091,47516,,68,,20,1,1,,,1,2026-10-01,2026-10-07
"2105 | MOD - GSM | Awareness - Chonburi | Oct2026",35-44,male,"B2C Awareness 02",341.68,28050,43397,,63,1,9,1,,,,1,2026-10-01,2026-10-07
"2105 | MOD - GSM | Awareness - BKK | Oct2026",65+,male,"B2C Awareness 02",315.47,24288,40262,,50,,6,,,,,1,2026-10-01,2026-10-07
"2105 | MOD - GSM | Awareness - BKK | Oct2026",25-34,male,"B2C Awareness 02",300.68,27131,38208,,53,,5,1,,,,,2026-10-01,2026-10-07
"2105 | MOD - GSM | Awareness - BKK | Oct2026",35-44,male,"B2C Awareness 02",293.63,26082,37226,,47,,5,1,,,,1,2026-10-01,2026-10-07
"2105 | MOD - GSM | Awareness - Chonburi | Oct2026",45-54,male,"B2C Awareness 02",264.43,20998,33710,,54,,2,,,,,,2026-10-01,2026-10-07
"2105 | MOD - GSM | Awareness - Korat | Oct2026",25-34,male,"B2C Awareness 02",263.75,22153,33026,,73,,5,,,,,,2026-10-01,2026-10-07
"2105 | MOD - GSM | Awareness - Korat | Oct2026",45-54,male,"B2C Awareness 02",256.41,22288,32832,,58,,4,1,,,,,2026-10-01,2026-10-07
"2105 | MOD - GSM | Awareness - All | Oct2026 | B2B",25-34,male,"B2B Awareness 02",253.77,26398,31917,,41,,6,,,,,,2026-10-01,2026-10-07
"2105 | MOD - GSM | Awareness - Korat | Oct2026",35-44,male,"B2C Awareness 02",248.2,20687,31671,,55,,1,,,,,1,2026-10-01,2026-10-07
"2105 | MOD - GSM | Awareness - Korat | Oct2026",55-64,male,"B2C Awareness 02",247.19,20507,31904,,56,,4,3,,,,,2026-10-01,2026-10-07
"2105 | MOD - GSM | Awareness - BKK | Oct2026",65+,female,"B2C Awareness 02",238.58,18664,30389,,45,,11,2,,,,,2026-10-01,2026-10-07
"2105 | MOD - GSM | Awareness - Korat | Oct2026",55-64,female,"B2C Awareness 02",206.09,18482,26868,,58,,6,3,,,,,2026-10-01,2026-10-07
"2105 | MOD - GSM | Awareness - All | Oct2026 | B2B",55-64,male,"B2B Awareness 02",202.43,18744,25797,,42,,4,1,,,,,2026-10-01,2026-10-07
"2105 | MOD - GSM | Awareness - Khonkaen-Udon | Oct2026",25-34,male,"B2C Awareness 02",201.71,16776,25540,,59,,5,,,,,,2026-10-01,2026-10-07
"2105 | MOD - GSM | Awareness - All | Oct2026 | B2B",45-54,male,"B2B Awareness 02",197.76,18492,25238,,40,,3,,,,,,2026-10-01,2026-10-07
"2105 | MOD - GSM | Awareness - BKK | Oct2026",45-54,female,"B2C Awareness 02",195.91,16112,24991,,40,,3,,,,,,2026-10-01,2026-10-07
"2105 | MOD - GSM | Awareness - All | Oct2026 | B2B",35-44,male,"B2B Awareness 02",181.53,18483,23336,,37,,2,,,,,,2026-10-01,2026-10-07
"2105 | MOD - GSM | Awareness - Chonburi | Oct2026",55-64,male,"B2C Awareness 02",177.19,13541,22609,,29,,1,,,,,,2026-10-01,2026-10-07
"2105 | MOD - GSM | Awareness - Khonkaen-Udon | Oct2026",55-64,male,"B2C Awareness 02",175.27,14960,22905,,52,,7,,,,,,2026-10-01,2026-10-07
"2105 | MOD - GSM | Awareness - Khonkaen-Udon | Oct2026",45-54,male,"B2C Awareness 02",172.06,14074,22335,,34,,2,,,,,1,2026-10-01,2026-10-07
"2105 | MOD - GSM | Awareness - Khonkaen-Udon | Oct2026",35-44,male,"B2C Awareness 02",168.13,15022,21719,,44,,1,,,,,,2026-10-01,2026-10-07
"2105 | MOD - GSM | Awareness - Korat | Oct2026",45-54,female,"B2C Awareness 02",157.72,13959,20624,,42,,4,,,,,1,2026-10-01,2026-10-07
"2105 | MOD - GSM | Awareness - Khonkaen-Udon | Oct2026",55-64,female,"B2C Awareness 02",156.77,14127,20563,,43,,4,,,,,,2026-10-01,2026-10-07
"2105 | MOD - GSM | Awareness - Chonburi | Oct2026",25-34,female,"B2C Awareness 02",156.39,13316,19580,,41,,7,,,,,,2026-10-01,2026-10-07
"2105 | MOD - GSM | Awareness - All | Oct2026 | B2B",55-64,female,"B2B Awareness 02",141.82,13439,18252,,44,,14,4,,,,,2026-10-01,2026-10-07
"2105 | MOD - GSM | Awareness - Khonkaen-Udon | Oct2026",45-54,female,"B2C Awareness 02",125.55,11419,16518,,34,,1,,,,,,2026-10-01,2026-10-07
"2105 | MOD - GSM | Awareness - Korat | Oct2026",65+,male,"B2C Awareness 02",121.75,9919,15850,,33,,3,1,,,,,2026-10-01,2026-10-07
"2105 | MOD - GSM | Awareness - All | Oct2026 | B2B",25-34,male,"B2B Awareness 01",113.39,13182,14776,,35,,7,,,,,,2026-10-01,2026-10-07
"2105 | MOD - GSM | Awareness - Chonburi | Oct2026",45-54,female,"B2C Awareness 02",113.27,9680,14583,,28,,2,,,,,,2026-10-01,2026-10-07
"2105 | MOD - GSM | Awareness - Chonburi | Oct2026",35-44,female,"B2C Awareness 02",110.95,9999,14430,,32,,1,,,,,,2026-10-01,2026-10-07
"2105 | MOD - GSM | Awareness - Chonburi | Oct2026",55-64,female,"B2C Awareness 02",109.82,9316,14166,,31,,4,,,,,1,2026-10-01,2026-10-07
"2105 | MOD - GSM | Awareness - All | Oct2026 | B2B",65+,male,"B2B Awareness 02",108.27,10170,13763,,35,1,8,,,,,,2026-10-01,2026-10-07
"2105 | MOD - GSM | Awareness - Korat | Oct2026",25-34,female,"B2C Awareness 02",105.9,9501,13156,,27,,1,,,,,,2026-10-01,2026-10-07
"2105 | MOD - GSM | Awareness - Korat | Oct2026",65+,female,"B2C Awareness 02",105.54,9727,14139,,30,,3,,,,,,2026-10-01,2026-10-07
"2105 | MOD - GSM | Awareness - All | Oct2026 | B2B",45-54,female,"B2B Awareness 02",94.94,9670,12195,,25,,2,1,,,,,2026-10-01,2026-10-07
"2105 | MOD - GSM | Awareness - Korat | Oct2026",35-44,female,"B2C Awareness 02",93.75,9166,12229,1,35,,2,,,,,,2026-10-01,2026-10-07
"2105 | MOD - GSM | Awareness - All | Oct2026 | B2B",65+,female,"B2B Awareness 02",88.57,8631,11440,,32,,8,,,,,1,2026-10-01,2026-10-07
"2105 | MOD - GSM | Awareness - BKK | Oct2026",25-34,female,"B2C Awareness 02",86.38,8442,11052,,19,,2,,,,,,2026-10-01,2026-10-07
"2105 | MOD - GSM | Awareness - Chonburi | Oct2026",65+,male,"B2C Awareness 02",86.07,6827,11055,,18,,1,1,,,,,2026-10-01,2026-10-07
"2105 | MOD - GSM | Awareness - Khonkaen-Udon | Oct2026",65+,male,"B2C Awareness 02",84.77,7254,11184,,20,,4,,,,,,2026-10-01,2026-10-07
"2105 | MOD - GSM | Awareness - All | Oct2026 | B2B",55-64,male,"B2B Awareness 01",83.92,9278,11149,,24,,3,,,,,,2026-10-01,2026-10-07
"2105 | MOD - GSM | Awareness - Khonkaen-Udon | Oct2026",65+,female,"B2C Awareness 02",82.86,7245,10931,,36,,3,1,,,,1,2026-10-01,2026-10-07
"2105 | MOD - GSM | Awareness - Khonkaen-Udon | Oct2026",25-34,female,"B2C Awareness 02",82.66,7494,10594,,23,1,2,,,,,,2026-10-01,2026-10-07
"2105 | MOD - GSM | Awareness - All | Oct2026 | B2B",25-34,female,"B2B Awareness 02",82.63,8692,10506,,20,,4,,1,,,,2026-10-01,2026-10-07
"2105 | MOD - GSM | Awareness - All | Oct2026 | B2B",45-54,male,"B2B Awareness 01",80.41,9246,10738,,21,,5,,,,,,2026-10-01,2026-10-07
"2105 | MOD - GSM | Awareness - All | Oct2026 | B2B",35-44,male,"B2B Awareness 01",77.02,9038,10421,,21,,2,1,,,,,2026-10-01,2026-10-07
"2105 | MOD - GSM | Awareness - BKK | Oct2026",35-44,female,"B2C Awareness 02",74.35,7748,9718,,16,,,,,,,,2026-10-01,2026-10-07
"2105 | MOD - GSM | Awareness - Khonkaen-Udon | Oct2026",35-44,female,"B2C Awareness 02",72.85,6969,9719,,26,,2,,,,,,2026-10-01,2026-10-07
"2105 | MOD - GSM | Awareness - Khonkaen-Udon | Oct2026",25-34,male,"B2C Awareness 02",68.84,6030,8806,,18,,2,1,,,,,2026-10-01,2026-10-07
"2105 | MOD - GSM | Awareness - Chonburi | Oct2026",65+,female,"B2C Awareness 02",64.97,5177,8322,,18,,2,1,,,,,2026-10-01,2026-10-07
"2105 | MOD - GSM | Awareness - Khonkaen-Udon | Oct2026",55-64,male,"B2C Awareness 02",62,5420,8108,,19,,4,,,,,,2026-10-01,2026-10-07
"2105 | MOD - GSM | Awareness - Khonkaen-Udon | Oct2026",45-54,male,"B2C Awareness 02",61.66,5448,7980,,13,,3,,,,,,2026-10-01,2026-10-07
"2105 | MOD - GSM | Awareness - All | Oct2026 | B2B",55-64,female,"B2B Awareness 01",61.16,6940,8346,,17,,3,,,,,,2026-10-01,2026-10-07
"2105 | MOD - GSM | Awareness - Khonkaen-Udon | Oct2026",55-64,female,"B2C Awareness 02",58.61,5378,7732,,15,,2,,,,,,2026-10-01,2026-10-07
"2105 | MOD - GSM | Awareness - Khonkaen-Udon | Oct2026",35-44,male,"B2C Awareness 02",56.73,5077,7325,,12,,1,,,,,,2026-10-01,2026-10-07
"2105 | MOD - GSM | Awareness - All | Oct2026 | B2B",35-44,female,"B2B Awareness 02",56.34,6530,7499,,21,,2,,,,,1,2026-10-01,2026-10-07
"2105 | MOD - GSM | Awareness - BKK | Oct2026",55-64,male,"B2C Awareness",56.21,7280,7907,,10,,,1,,,,,2026-10-01,2026-10-07
"2105 | MOD - GSM | Awareness - All | Oct2026 | B2B",65+,male,"B2B Awareness 01",48.65,5115,6521,,17,,6,,,,,,2026-10-01,2026-10-07
"2105 | MOD - GSM | Awareness - Chonburi | Oct2026",25-34,male,"B2C Awareness",48.4,5855,6463,,6,,2,,,,,,2026-10-01,2026-10-07
"2105 | MOD - GSM | Awareness - Korat | Oct2026",55-64,male,"B2C Awareness",47.15,5701,6363,,15,,,,,,,,2026-10-01,2026-10-07
"2105 | MOD - GSM | Awareness - Khonkaen-Udon | Oct2026",45-54,female,"B2C Awareness 02",46.46,4354,6111,,9,,,,,,,,2026-10-01,2026-10-07
"2105 | MOD - GSM | Awareness - Chonburi | Oct2026",35-44,male,"B2C Awareness",45.74,5765,6396,,9,,,,,,,,2026-10-01,2026-10-07
"2105 | MOD - GSM | Awareness - All | Oct2026 | B2B",25-34,female,"B2B Awareness 01",45.21,5369,5840,,10,,2,,,,,,2026-10-01,2026-10-07
"2105 | MOD - GSM | Awareness - Korat | Oct2026",55-64,female,"B2C Awareness",44.18,5492,6138,,18,,3,,,,,1,2026-10-01,2026-10-07
"2105 | MOD - GSM | Awareness - BKK | Oct2026",55-64,female,"B2C Awareness",44.08,5876,6336,,9,,4,,,,,,2026-10-01,2026-10-07
"2105 | MOD - GSM | Awareness - BKK | Oct2026",45-54,male,"B2C Awareness",40.96,5532,5872,,5,,1,,,,,,2026-10-01,2026-10-07
"2105 | MOD - GSM | Awareness - Korat | Oct2026",45-54,male,"B2C Awareness",40.47,4885,5415,,9,,,1,,,,,2026-10-01,2026-10-07
"2105 | MOD - GSM | Awareness - Chonburi | Oct2026",45-54,male,"B2C Awareness",40.08,4966,5618,,5,,,1,,,,,2026-10-01,2026-10-07
"2105 | MOD - GSM | Awareness - All | Oct2026 | B2B",45-54,female,"B2B Awareness 01",39.94,4974,5532,,13,,1,,,,,1,2026-10-01,2026-10-07
"2105 | MOD - GSM | Awareness - All | Oct2026 | B2B",65+,female,"B2B Awareness 01",39.82,4685,5493,,17,,2,,,,,,2026-10-01,2026-10-07
"2105 | MOD - GSM | Awareness - Korat | Oct2026",25-34,male,"B2C Awareness",34.17,4189,4496,,12,,1,,,,,,2026-10-01,2026-10-07
"2105 | MOD - GSM | Awareness - BKK | Oct2026",65+,male,"B2C Awareness",33.58,4312,4746,,8,,,1,,,,,2026-10-01,2026-10-07
"2105 | MOD - GSM | Awareness - Korat | Oct2026",35-44,male,"B2C Awareness",33,4047,4530,,4,,,,,,,,2026-10-01,2026-10-07
"2105 | MOD - GSM | Awareness - Khonkaen-Udon | Oct2026",65+,female,"B2C Awareness 02",32.61,2915,4319,,15,,2,,,,,,2026-10-01,2026-10-07
"2105 | MOD - GSM | Awareness - Khonkaen-Udon | Oct2026",65+,male,"B2C Awareness 02",31.76,2892,4204,,10,,2,,,,,,2026-10-01,2026-10-07
"2105 | MOD - GSM | Awareness - Chonburi | Oct2026",55-64,male,"B2C Awareness",31.58,3814,4371,,8,,3,,,,,,2026-10-01,2026-10-07
"2105 | MOD - GSM | Awareness - BKK | Oct2026",35-44,male,"B2C Awareness",31.01,4376,4418,,13,,,,,,,,2026-10-01,2026-10-07
"2105 | MOD - GSM | Awareness - Khonkaen-Udon | Oct2026",25-34,female,"B2C Awareness 02",30.85,3010,4040,,10,,1,,,,,,2026-10-01,2026-10-07
"2105 | MOD - GSM | Awareness - All | Oct2026 | B2B",35-44,female,"B2B Awareness 01",30.09,3926,4241,,10,,,1,,,,,2026-10-01,2026-10-07
"2105 | MOD - GSM | Awareness - BKK | Oct2026",65+,female,"B2C Awareness",29.65,4095,4392,,14,,3,1,,,,,2026-10-01,2026-10-07
"2105 | MOD - GSM | Awareness - Korat | Oct2026",45-54,female,"B2C Awareness",28.31,3659,4026,,5,,,,,,,,2026-10-01,2026-10-07
"2105 | MOD - GSM | Awareness - BKK | Oct2026",45-54,female,"B2C Awareness",25.67,3541,3709,,4,,,,,,,,2026-10-01,2026-10-07
"2105 | MOD - GSM | Awareness - Khonkaen-Udon | Oct2026",55-64,female,"B2C Awareness",25.64,3431,3740,,6,,1,,,,,,2026-10-01,2026-10-07
"2105 | MOD - GSM | Awareness - Khonkaen-Udon | Oct2026",55-64,male,"B2C Awareness",25.44,3087,3535,,2,,,,,,,,2026-10-01,2026-10-07
"2105 | MOD - GSM | Awareness - Khonkaen-Udon | Oct2026",35-44,female,"B2C Awareness 02",25.42,2681,3397,,6,,1,,,,,,2026-10-01,2026-10-07
"2105 | MOD - GSM | Awareness - Korat | Oct2026",65+,male,"B2C Awareness",24.82,3074,3412,,5,,,,,,,,2026-10-01,2026-10-07
"2105 | MOD - GSM | Awareness - Korat | Oct2026",65+,female,"B2C Awareness",24.47,3138,3456,,9,,2,,,,,,2026-10-01,2026-10-07
"2105 | MOD - GSM | Awareness - BKK | Oct2026",25-34,male,"B2C Awareness",23.93,3292,3428,,3,,,,,,,,2026-10-01,2026-10-07
"2105 | MOD - GSM | Awareness - Chonburi | Oct2026",55-64,female,"B2C Awareness",23.1,3052,3375,,12,,2,,,,,,2026-10-01,2026-10-07
"2105 | MOD - GSM | Awareness - Chonburi | Oct2026",45-54,female,"B2C Awareness",21.39,2890,3160,,5,,1,,,,,,2026-10-01,2026-10-07
"2105 | MOD - GSM | Awareness - Chonburi | Oct2026",25-34,female,"B2C Awareness",19.89,2528,2703,,7,,,1,,,,,2026-10-01,2026-10-07
"2105 | MOD - GSM | Awareness - Chonburi | Oct2026",35-44,female,"B2C Awareness",19.5,2642,2875,,2,,,,,,,,2026-10-01,2026-10-07
"2105 | MOD - GSM | Awareness - Khonkaen-Udon | Oct2026",45-54,male,"B2C Awareness",19.43,2597,2847,,1,,,,,,,,2026-10-01,2026-10-07
"2105 | MOD - GSM | Awareness - Khonkaen-Udon | Oct2026",35-44,male,"B2C Awareness",17.05,2171,2382,,4,,,,,,,,2026-10-01,2026-10-07
"2105 | MOD - GSM | Awareness - Khonkaen-Udon | Oct2026",45-54,female,"B2C Awareness",17,2334,2503,,3,,,,,,,,2026-10-01,2026-10-07
"2105 | MOD - GSM | Awareness - Chonburi | Oct2026",65+,male,"B2C Awareness",16.29,2039,2309,,5,,,1,,,,,2026-10-01,2026-10-07
"2105 | MOD - GSM | Awareness - Korat | Oct2026",35-44,female,"B2C Awareness",15.9,2089,2228,,,,,,,,,,2026-10-01,2026-10-07
"2105 | MOD - GSM | Awareness - Chonburi | Oct2026",65+,female,"B2C Awareness",15.24,1919,2179,,4,,,,,,,,2026-10-01,2026-10-07
"2105 | MOD - GSM | Awareness - Khonkaen-Udon | Oct2026",65+,female,"B2C Awareness",14.98,1913,2178,,4,,,,,,,,2026-10-01,2026-10-07
"2105 | MOD - GSM | Awareness - Khonkaen-Udon | Oct2026",25-34,male,"B2C Awareness",14.9,1875,2097,,2,,,,,,,,2026-10-01,2026-10-07
"2105 | MOD - GSM | Awareness - Korat | Oct2026",25-34,female,"B2C Awareness",14.84,1818,1980,,5,,,,,,,,2026-10-01,2026-10-07
"2105 | MOD - GSM | Awareness - BKK | Oct2026",35-44,female,"B2C Awareness",14.62,2056,2090,,3,,,,,,,,2026-10-01,2026-10-07
"2105 | MOD - GSM | Awareness - Khonkaen-Udon | Oct2026",65+,male,"B2C Awareness",13.88,1643,1928,,3,,,,,,,,2026-10-01,2026-10-07
"2105 | MOD - GSM | Awareness - Opening - Udon | Oct2026",55-64,male,"Opening-Udon-Awareness 01",12.22,1418,1487,,3,,,,,,,,2026-10-01,2026-10-07
"2105 | MOD - GSM | Awareness - Opening - Udon | Oct2026",45-54,male,"Opening-Udon-Awareness 01",11.22,1320,1376,,2,,,,,,,,2026-10-01,2026-10-07
"2105 | MOD - GSM | Awareness - Opening - Udon | Oct2026",55-64,female,"Opening-Udon-Awareness 01",11.01,1305,1345,,1,,1,,,,,,2026-10-01,2026-10-07
"2105 | MOD - GSM | Awareness - BKK | Oct2026",25-34,female,"B2C Awareness",11,1580,1601,,,,,,,,,,2026-10-01,2026-10-07
"2105 | MOD - GSM | Awareness - Opening - Udon | Oct2026",25-34,male,"Opening-Udon-Awareness 01",10.09,1079,1160,,,,,,,,,,2026-10-01,2026-10-07
"2105 | MOD - GSM | Awareness - Opening - Thammasat | Oct2026",45-54,male,"Opening - thammasat-Awareness 02",9.82,1117,1165,,4,,1,,,,,,2026-10-01,2026-10-07
"2105 | MOD - GSM | Awareness - Opening - Thammasat | Oct2026",55-64,male,"Opening - thammasat-Awareness 02",9.79,1068,1163,,3,,,,,,,,2026-10-01,2026-10-07
"2105 | MOD - GSM | Awareness - Opening - Udon | Oct2026",35-44,male,"Opening-Udon-Awareness 01",9.66,1134,1187,,1,,,,,,,,2026-10-01,2026-10-07
"2105 | MOD - GSM | Awareness - Khonkaen-Udon | Oct2026",35-44,female,"B2C Awareness",9.46,1412,1470,,3,,,,,,,,2026-10-01,2026-10-07
"2105 | MOD - GSM | Awareness - Opening - Thammasat | Oct2026",25-34,male,"Opening - thammasat-Awareness 02",9.29,1058,1080,,4,,1,,,,,,2026-10-01,2026-10-07
"2105 | MOD - GSM | Awareness - Opening - Thammasat | Oct2026",35-44,male,"Opening - thammasat-Awareness 02",8.99,1034,1070,,4,,,,,,,,2026-10-01,2026-10-07
"2105 | MOD - GSM | Awareness - Khonkaen-Udon | Oct2026",55-64,male,"B2C Awareness",8.95,1010,1223,,5,,,,,,,,2026-10-01,2026-10-07
"2105 | MOD - GSM | Awareness - Opening - Nam Daeng - Theparak | Oct2026",55-64,male,"Opening - Nam Daeng - Theparak -Awareness 02",8.31,987,997,,2,,,,,,,,2026-10-01,2026-10-07
"2105 | MOD - GSM | Awareness - Opening - Udon | Oct2026",45-54,female,"Opening-Udon-Awareness 01",8.3,980,1011,,3,,,,,,,,2026-10-01,2026-10-07
"2105 | MOD - GSM | Awareness - All | Oct2026 | B2B",55-64,male,"B2B Awareness 03",8.24,1021,1052,,242,,,,,985,,,2026-10-01,2026-10-07
"2105 | MOD - GSM | Awareness - Khonkaen-Udon | Oct2026",25-34,female,"B2C Awareness",8.03,1078,1134,,4,,,,,,,,2026-10-01,2026-10-07
"2105 | MOD - GSM | Awareness - Khonkaen-Udon | Oct2026",55-64,female,"B2C Awareness",7.98,1019,1163,,,,,,,,,,2026-10-01,2026-10-07
"2105 | MOD - GSM | Awareness - Khonkaen-Udon | Oct2026",45-54,male,"B2C Awareness",7.83,914,1057,,,,,,,,,,2026-10-01,2026-10-07
"2105 | MOD - GSM | Awareness - Khonkaen-Udon | Oct2026",25-34,male,"B2C Awareness",7.74,893,1034,,,,,,,,,,2026-10-01,2026-10-07
"2105 | MOD - GSM | Awareness - Opening - Udon | Oct2026",65+,female,"Opening-Udon-Awareness 01",7.3,869,888,,4,,,1,,,,,2026-10-01,2026-10-07
"2105 | MOD - GSM | Awareness - Opening - Thammasat | Oct2026",55-64,female,"Opening - thammasat-Awareness 02",7.17,843,890,,1,,,,,,,,2026-10-01,2026-10-07
"2105 | MOD - GSM | Awareness - Opening - Nam Daeng - Theparak | Oct2026",45-54,male,"Opening - Nam Daeng - Theparak -Awareness 02",6.93,773,806,,2,,,,,,,,2026-10-01,2026-10-07
"2105 | MOD - GSM | Awareness - Opening - Udon | Oct2026",65+,male,"Opening-Udon-Awareness 01",6.83,762,814,,1,,,,,,,,2026-10-01,2026-10-07
"2105 | MOD - GSM | Awareness - All | Oct2026 | B2B",45-54,male,"B2B Awareness 03",6.58,788,801,,133,,1,,,733,,,2026-10-01,2026-10-07
"2105 | MOD - GSM | Awareness - Khonkaen-Udon | Oct2026",35-44,male,"B2C Awareness",6.4,759,854,,,,,,,,,,2026-10-01,2026-10-07
"2105 | MOD - GSM | Awareness - Khonkaen-Udon | Oct2026",45-54,female,"B2C Awareness",5.72,727,818,,1,,,,,,,,2026-10-01,2026-10-07
"2105 | MOD - GSM | Awareness - Opening - Thammasat | Oct2026",25-34,male,"Opening -thammasat- Awareness 01",5.7,603,642,,1,,,,,,,,2026-10-01,2026-10-07
"2105 | MOD - GSM | Awareness - Opening - Nam Daeng - Theparak | Oct2026",55-64,male,"Opening -Nam Daeng - Theparak - Awareness 01",5.43,686,704,,3,,1,,,,,,2026-10-01,2026-10-07
"2105 | MOD - GSM | Awareness - Opening - Thammasat | Oct2026",65+,male,"Opening - thammasat-Awareness 02",5.35,593,638,,1,,,,,,,,2026-10-01,2026-10-07
"2105 | MOD - GSM | Awareness - Khonkaen-Udon | Oct2026",65+,female,"B2C Awareness",5.07,605,701,,,,,,,,,,2026-10-01,2026-10-07
"2105 | MOD - GSM | Awareness - Opening - Thammasat | Oct2026",45-54,female,"Opening - thammasat-Awareness 02",5.06,595,615,,3,,,,,,,,2026-10-01,2026-10-07
"2105 | MOD - GSM | Awareness - Opening - Nam Daeng - Theparak | Oct2026",25-34,male,"Opening - Nam Daeng - Theparak -Awareness 02",5.04,561,589,,,,,,,,,,2026-10-01,2026-10-07
"2105 | MOD - GSM | Awareness - Opening - Thammasat | Oct2026",45-54,male,"Opening -thammasat- Awareness 01",4.95,535,580,,,,,,,,,,2026-10-01,2026-10-07
"2105 | MOD - GSM | Awareness - Opening - Udon | Oct2026",25-34,female,"Opening-Udon-Awareness 01",4.94,573,597,,,,,,,,,,2026-10-01,2026-10-07
"2105 | MOD - GSM | Awareness - Opening - Thammasat | Oct2026",35-44,male,"Opening -thammasat- Awareness 01",4.76,535,574,,,,,,,,,,2026-10-01,2026-10-07
"2105 | MOD - GSM | Awareness - Opening - Nam Daeng - Theparak | Oct2026",55-64,female,"Opening -Nam Daeng - Theparak - Awareness 01",4.6,599,614,,,,,,,,,,2026-10-01,2026-10-07
"2105 | MOD - GSM | Awareness - Opening - Thammasat | Oct2026",65+,female,"Opening - thammasat-Awareness 02",4.57,517,559,,,,,,,,,,2026-10-01,2026-10-07
"2105 | MOD - GSM | Awareness - Khonkaen-Udon | Oct2026",65+,male,"B2C Awareness",4.56,555,654,,3,,,,,,,,2026-10-01,2026-10-07
"2105 | MOD - GSM | Awareness - Opening - Udon | Oct2026",35-44,female,"Opening-Udon-Awareness 01",4.54,580,595,,1,,,,,,,,2026-10-01,2026-10-07
"2105 | MOD - GSM | Awareness - Opening - Thammasat | Oct2026",55-64,male,"Opening -thammasat- Awareness 01",4.48,497,528,,2,,,1,,,,,2026-10-01,2026-10-07
"2105 | MOD - GSM | Awareness - Opening - Nam Daeng - Theparak | Oct2026",35-44,male,"Opening - Nam Daeng - Theparak -Awareness 02",4.26,515,533,,,,,,,,,,2026-10-01,2026-10-07
"2105 | MOD - GSM | Awareness - All | Oct2026 | B2B",55-64,female,"B2B Awareness 03",4.19,500,506,,107,,,,,471,,,2026-10-01,2026-10-07
"2105 | MOD - GSM | Awareness - BKK | Oct2026",55-64,male,"B2C Awareness 03",4.18,528,528,,52,,,,,477,,,2026-10-01,2026-10-07
"2105 | MOD - GSM | Awareness - BKK | Oct2026",55-64,female,"B2C Awareness 03",4.17,520,532,,80,,,,,489,,,2026-10-01,2026-10-07
"2105 | MOD - GSM | Awareness - Opening - Nam Daeng - Theparak | Oct2026",65+,male,"Opening -Nam Daeng - Theparak - Awareness 01",3.87,466,494,,1,,,,,,,,2026-10-01,2026-10-07
"2105 | MOD - GSM | Awareness - Opening - Nam Daeng - Theparak | Oct2026",65+,male,"Opening - Nam Daeng - Theparak -Awareness 02",3.83,474,484,,2,,,,,,,,2026-10-01,2026-10-07
"2105 | MOD - GSM | Awareness - Opening - Thammasat | Oct2026",35-44,female,"Opening - thammasat-Awareness 02",3.77,451,467,,1,,,,,,,,2026-10-01,2026-10-07
"2105 | MOD - GSM | Awareness - Opening - Nam Daeng - Theparak | Oct2026",45-54,male,"Opening -Nam Daeng - Theparak - Awareness 01",3.65,503,507,,2,,1,,,,,,2026-10-01,2026-10-07
"2105 | MOD - GSM | Awareness - All | Oct2026 | B2B",35-44,male,"B2B Awareness 03",3.64,449,449,,69,,,,,411,,,2026-10-01,2026-10-07
"2105 | MOD - GSM | Awareness - Opening - Nam Daeng - Theparak | Oct2026",55-64,female,"Opening - Nam Daeng - Theparak -Awareness 02",3.59,435,438,,1,,,,,,,,2026-10-01,2026-10-07
"2105 | MOD - GSM | Awareness - Opening - Thammasat | Oct2026",55-64,female,"Opening -thammasat- Awareness 01",3.56,409,433,,1,,,,,,,,2026-10-01,2026-10-07
"2105 | MOD - GSM | Awareness - Opening - Udon | Oct2026",25-34,male,"Opening-Udon-Awareness 02",3.53,391,405,,2,,1,,,,,,2026-10-01,2026-10-07
"2105 | MOD - GSM | Awareness - Khonkaen-Udon | Oct2026",25-34,female,"B2C Awareness",3.52,441,482,,2,,1,,,,,,2026-10-01,2026-10-07
"2105 | MOD - GSM | Awareness - Opening - Nam Daeng - Theparak | Oct2026",65+,female,"Opening -Nam Daeng - Theparak - Awareness 01",3.46,461,476,,,,,,,,,,2026-10-01,2026-10-07
"2105 | MOD - GSM | Awareness - Opening - Thammasat | Oct2026",25-34,female,"Opening - thammasat-Awareness 02",3.44,419,431,,1,,,,,,,,2026-10-01,2026-10-07
"2105 | MOD - GSM | Awareness - Khonkaen-Udon | Oct2026",35-44,female,"B2C Awareness",3.37,443,485,,,,,,,,,,2026-10-01,2026-10-07
"2105 | MOD - GSM | Awareness - All | Oct2026 | B2B",25-34,male,"B2B Awareness 03",3.25,407,407,,55,,,,,373,,,2026-10-01,2026-10-07
"2105 | MOD - GSM | Awareness - All | Oct2026 | B2B",65+,male,"B2B Awareness 03",3.22,406,424,,90,,,,,398,,,2026-10-01,2026-10-07
"2105 | MOD - GSM | Awareness - BKK | Oct2026",45-54,male,"B2C Awareness 03",3.2,384,394,,29,,,,,354,,,2026-10-01,2026-10-07
"2105 | MOD - GSM | Awareness - Opening - Udon | Oct2026",45-54,male,"Opening-Udon-Awareness 02",2.71,301,316,,,,,,,,,,2026-10-01,2026-10-07
"2105 | MOD - GSM | Awareness - Opening - Udon | Oct2026",55-64,male,"Opening-Udon-Awareness 02",2.7,293,317,,,,,,,,,,2026-10-01,2026-10-07
"2105 | MOD - GSM | Awareness - Opening - Nam Daeng - Theparak | Oct2026",25-34,male,"Opening -Nam Daeng - Theparak - Awareness 01",2.55,315,326,,,,,,,,,,2026-10-01,2026-10-07
"2105 | MOD - GSM | Awareness - Opening - Thammasat | Oct2026",45-54,female,"Opening -thammasat- Awareness 01",2.31,276,285,,,,,,,,,,2026-10-01,2026-10-07
"2105 | MOD - GSM | Awareness - Opening - Thammasat | Oct2026",65+,male,"Opening -thammasat- Awareness 01",2.28,261,273,,2,,,,,,,,2026-10-01,2026-10-07
"2105 | MOD - GSM | Awareness - Opening - Thammasat | Oct2026",65+,female,"Opening -thammasat- Awareness 01",2.27,253,269,,,,,,,,,,2026-10-01,2026-10-07
"2105 | MOD - GSM | Awareness - All | Oct2026 | B2B",45-54,female,"B2B Awareness 03",2.26,286,286,,44,,,,,264,,,2026-10-01,2026-10-07
"2105 | MOD - GSM | Awareness - Opening - Nam Daeng - Theparak | Oct2026",35-44,male,"Opening -Nam Daeng - Theparak - Awareness 01",2.19,341,344,,3,,,,,,,,2026-10-01,2026-10-07
"2105 | MOD - GSM | Awareness - Opening - Udon | Oct2026",35-44,male,"Opening-Udon-Awareness 02",2.17,255,267,,1,,,,,,,,2026-10-01,2026-10-07
"2105 | MOD - GSM | Awareness - Opening - Nam Daeng - Theparak | Oct2026",65+,female,"Opening - Nam Daeng - Theparak -Awareness 02",2.17,254,259,,1,,,,,,,1,2026-10-01,2026-10-07
"2105 | MOD - GSM | Awareness - Opening - Nam Daeng - Theparak | Oct2026",45-54,female,"Opening -Nam Daeng - Theparak - Awareness 01",2.12,333,340,,,,,,,,,,2026-10-01,2026-10-07
"2105 | MOD - GSM | Awareness - BKK | Oct2026",65+,female,"B2C Awareness 03",2.09,260,273,,48,,,,,251,,,2026-10-01,2026-10-07
"2105 | MOD - GSM | Awareness - BKK | Oct2026",45-54,female,"B2C Awareness 03",2.04,275,277,,26,,,,,245,,,2026-10-01,2026-10-07
"2105 | MOD - GSM | Awareness - Chonburi | Oct2026",45-54,male,"B2C Awareness 03",2.02,260,265,,26,,,,,245,,,2026-10-01,2026-10-07
"2105 | MOD - GSM | Awareness - Opening - Nam Daeng - Theparak | Oct2026",45-54,female,"Opening - Nam Daeng - Theparak -Awareness 02",2.02,262,272,,,,,,,,,,2026-10-01,2026-10-07
"2105 | MOD - GSM | Awareness - BKK | Oct2026",65+,male,"B2C Awareness 03",1.99,257,262,,35,,,,,240,,,2026-10-01,2026-10-07
"2105 | MOD - GSM | Awareness - Opening - Thammasat | Oct2026",25-34,female,"Opening -thammasat- Awareness 01",1.97,222,228,,1,,1,,,,,,2026-10-01,2026-10-07
"2105 | MOD - GSM | Awareness - Opening - Udon | Oct2026",55-64,female,"Opening-Udon-Awareness 02",1.94,239,243,,,,,,,,,,2026-10-01,2026-10-07
"2105 | MOD - GSM | Awareness - Opening - Udon | Oct2026",45-54,female,"Opening-Udon-Awareness 02",1.86,212,218,,1,,,,,,,,2026-10-01,2026-10-07
"2105 | MOD - GSM | Awareness - All | Oct2026 | B2B",65+,female,"B2B Awareness 03",1.79,243,246,,58,,1,,,226,,,2026-10-01,2026-10-07
"2105 | MOD - GSM | Awareness - BKK | Oct2026",35-44,male,"B2C Awareness 03",1.75,218,218,,8,,,,,188,,,2026-10-01,2026-10-07
"2105 | MOD - GSM | Awareness - Opening - Udon | Oct2026",25-34,female,"Opening-Udon-Awareness 02",1.64,173,180,,,,,,,,,,2026-10-01,2026-10-07
"2105 | MOD - GSM | Awareness - BKK | Oct2026",25-34,male,"B2C Awareness 03",1.63,198,199,,11,,,,,169,,,2026-10-01,2026-10-07
"2105 | MOD - GSM | Awareness - Opening - Thammasat | Oct2026",35-44,female,"Opening -thammasat- Awareness 01",1.61,187,192,,1,,1,,,,,,2026-10-01,2026-10-07
"2105 | MOD - GSM | Awareness - Opening - Udon | Oct2026",65+,male,"Opening-Udon-Awareness 02",1.61,178,185,,,,,,,,,,2026-10-01,2026-10-07
"2105 | MOD - GSM | Awareness - Chonburi | Oct2026",55-64,male,"B2C Awareness 03",1.6,213,219,,30,,,,,200,,,2026-10-01,2026-10-07
"2105 | MOD - GSM | Awareness - Opening - Udon | Oct2026",65+,female,"Opening-Udon-Awareness 02",1.6,174,183,,,,,,,,,,2026-10-01,2026-10-07
"2105 | MOD - GSM | Awareness - Chonburi | Oct2026",35-44,male,"B2C Awareness 03",1.59,207,211,,22,,,,,193,,,2026-10-01,2026-10-07
"2105 | MOD - GSM | Awareness - Chonburi | Oct2026",45-54,female,"B2C Awareness 03",1.49,200,203,,27,,,,,185,,,2026-10-01,2026-10-07
"2105 | MOD - GSM | Awareness - Chonburi | Oct2026",55-64,female,"B2C Awareness 03",1.45,192,196,,26,,,,,173,,,2026-10-01,2026-10-07
"2105 | MOD - GSM | Awareness - Chonburi | Oct2026",25-34,unknown,"B2C Awareness 02",1.45,121,186,,1,,,,,,,,2026-10-01,2026-10-07
"2105 | MOD - GSM | Awareness - Opening - Nam Daeng - Theparak | Oct2026",25-34,female,"Opening - Nam Daeng - Theparak -Awareness 02",1.35,158,165,,1,,,,,,,,2026-10-01,2026-10-07
"2105 | MOD - GSM | Awareness - Chonburi | Oct2026",25-34,male,"B2C Awareness 03",1.34,181,183,,17,,,,,162,,,2026-10-01,2026-10-07
"2105 | MOD - GSM | Awareness - All | Oct2026 | B2B",25-34,female,"B2B Awareness 03",1.24,141,143,,15,,,,,129,,,2026-10-01,2026-10-07
"2105 | MOD - GSM | Awareness - Opening - Nam Daeng - Theparak | Oct2026",35-44,female,"Opening -Nam Daeng - Theparak - Awareness 01",1.16,185,191,,,,,,,,,,2026-10-01,2026-10-07
"2105 | MOD - GSM | Awareness - Opening - Udon | Oct2026",35-44,female,"Opening-Udon-Awareness 02",1.12,131,131,,,,,,,,,,2026-10-01,2026-10-07
"2105 | MOD - GSM | Awareness - BKK | Oct2026",25-34,unknown,"B2C Awareness 02",1.1,112,147,,1,,,1,,,,,2026-10-01,2026-10-07
"2105 | MOD - GSM | Awareness - Opening - Nam Daeng - Theparak | Oct2026",35-44,female,"Opening - Nam Daeng - Theparak -Awareness 02",1.08,149,151,,,,,,,,,,2026-10-01,2026-10-07
"2105 | MOD - GSM | Awareness - BKK | Oct2026",35-44,unknown,"B2C Awareness 02",1.05,91,139,,,,,,,,,,2026-10-01,2026-10-07
"2105 | MOD - GSM | Awareness - All | Oct2026 | B2B",25-34,unknown,"B2B Awareness 02",1.03,113,136,,,,,,,,,,2026-10-01,2026-10-07
"2105 | MOD - GSM | Awareness - BKK | Oct2026",35-44,female,"B2C Awareness 03",1.02,112,112,,6,,,,,101,,,2026-10-01,2026-10-07
"2105 | MOD - GSM | Awareness - BKK | Oct2026",25-34,female,"B2C Awareness 03",0.99,110,111,,9,,,,,96,,,2026-10-01,2026-10-07
"2105 | MOD - GSM | Awareness - Chonburi | Oct2026",35-44,female,"B2C Awareness 03",0.97,131,133,,16,,,,,119,,,2026-10-01,2026-10-07
"2105 | MOD - GSM | Awareness - BKK | Oct2026",45-54,unknown,"B2C Awareness 02",0.9,85,122,,,,,,,,,,2026-10-01,2026-10-07
"2105 | MOD - GSM | Awareness - Opening - Nam Daeng - Theparak | Oct2026",25-34,female,"Opening -Nam Daeng - Theparak - Awareness 01",0.89,124,130,,2,,,,,,,,2026-10-01,2026-10-07
"2105 | MOD - GSM | Awareness - Chonburi | Oct2026",25-34,female,"B2C Awareness 03",0.88,112,115,,9,,,,,103,,,2026-10-01,2026-10-07
"2105 | MOD - GSM | Awareness - Korat | Oct2026",35-44,unknown,"B2C Awareness 02",0.88,74,106,,,,,,,,,,2026-10-01,2026-10-07
"2105 | MOD - GSM | Awareness - BKK | Oct2026",55-64,unknown,"B2C Awareness 02",0.85,75,117,,,,,,,,,,2026-10-01,2026-10-07
"2105 | MOD - GSM | Awareness - All | Oct2026 | B2B",35-44,female,"B2B Awareness 03",0.84,96,96,,14,,,,,86,,,2026-10-01,2026-10-07
"2105 | MOD - GSM | Awareness - BKK | Oct2026",65+,unknown,"B2C Awareness 02",0.82,54,99,,,,,,,,,,2026-10-01,2026-10-07
"2105 | MOD - GSM | Awareness - Chonburi | Oct2026",65+,female,"B2C Awareness 03",0.81,111,114,,20,,,,,106,,,2026-10-01,2026-10-07
"2105 | MOD - GSM | Awareness - Khonkaen-Udon | Oct2026",25-34,unknown,"B2C Awareness 02",0.78,72,105,,,,,,,,,,2026-10-01,2026-10-07
"2105 | MOD - GSM | Awareness - Chonburi | Oct2026",35-44,unknown,"B2C Awareness 02",0.75,70,90,,,,,,,,,,2026-10-01,2026-10-07
"2105 | MOD - GSM | Awareness - Chonburi | Oct2026",65+,male,"B2C Awareness 03",0.74,105,105,,10,,,,,102,,,2026-10-01,2026-10-07
"2105 | MOD - GSM | Awareness - Korat | Oct2026",25-34,unknown,"B2C Awareness 02",0.7,66,101,,,,,,,,,,2026-10-01,2026-10-07
"2105 | MOD - GSM | Awareness - Khonkaen-Udon | Oct2026",35-44,unknown,"B2C Awareness 02",0.65,56,83,,1,,,,,,,,2026-10-01,2026-10-07
"2105 | MOD - GSM | Awareness - All | Oct2026 | B2B",35-44,unknown,"B2B Awareness 02",0.5,60,77,,,,,,,,,,2026-10-01,2026-10-07
"2105 | MOD - GSM | Awareness - Korat | Oct2026",45-54,unknown,"B2C Awareness 02",0.47,47,68,,,,,,,,,,2026-10-01,2026-10-07
"2105 | MOD - GSM | Awareness - Chonburi | Oct2026",45-54,unknown,"B2C Awareness 02",0.46,45,67,,,,,,,,,,2026-10-01,2026-10-07
"2105 | MOD - GSM | Awareness - All | Oct2026 | B2B",25-34,unknown,"B2B Awareness 01",0.45,58,61,,,,,,,,,,2026-10-01,2026-10-07
"2105 | MOD - GSM | Awareness - All | Oct2026 | B2B",55-64,unknown,"B2B Awareness 02",0.45,34,51,,,,,,,,,,2026-10-01,2026-10-07
"2105 | MOD - GSM | Awareness - All | Oct2026 | B2B",45-54,unknown,"B2B Awareness 02",0.4,47,54,,,,,,,,,,2026-10-01,2026-10-07
"2105 | MOD - GSM | Awareness - Korat | Oct2026",55-64,unknown,"B2C Awareness 02",0.38,32,45,,,,,,,,,,2026-10-01,2026-10-07
"2105 | MOD - GSM | Awareness - Korat | Oct2026",65+,unknown,"B2C Awareness 02",0.34,28,49,,,,,,,,,,2026-10-01,2026-10-07
"2105 | MOD - GSM | Awareness - Khonkaen-Udon | Oct2026",55-64,unknown,"B2C Awareness 02",0.34,32,48,,,,,,,,,,2026-10-01,2026-10-07
"2105 | MOD - GSM | Awareness - Khonkaen-Udon | Oct2026",45-54,unknown,"B2C Awareness 02",0.31,24,40,,,,,,,,,,2026-10-01,2026-10-07
"2105 | MOD - GSM | Awareness - Khonkaen-Udon | Oct2026",35-44,unknown,"B2C Awareness 02",0.3,27,37,,,,,,,,,,2026-10-01,2026-10-07
"2105 | MOD - GSM | Awareness - BKK | Oct2026",45-54,unknown,"B2C Awareness",0.28,17,20,,,,,,,,,,2026-10-01,2026-10-07
"2105 | MOD - GSM | Awareness - Khonkaen-Udon | Oct2026",25-34,unknown,"B2C Awareness 02",0.25,23,34,,,,,,,,,,2026-10-01,2026-10-07
"2105 | MOD - GSM | Awareness - Chonburi | Oct2026",55-64,unknown,"B2C Awareness 02",0.23,20,32,,,,,,,,,,2026-10-01,2026-10-07
"2105 | MOD - GSM | Awareness - Khonkaen-Udon | Oct2026",65+,unknown,"B2C Awareness 02",0.23,20,31,,,,,,,,,,2026-10-01,2026-10-07
"2105 | MOD - GSM | Awareness - Khonkaen-Udon | Oct2026",45-54,unknown,"B2C Awareness 02",0.21,18,25,,,,,,,,,,2026-10-01,2026-10-07
"2105 | MOD - GSM | Awareness - All | Oct2026 | B2B",65+,unknown,"B2B Awareness 02",0.2,23,29,,,,,,,,,,2026-10-01,2026-10-07
"2105 | MOD - GSM | Awareness - Chonburi | Oct2026",65+,unknown,"B2C Awareness 02",0.19,17,24,,,,,,,,,,2026-10-01,2026-10-07
"2105 | MOD - GSM | Awareness - Chonburi | Oct2026",25-34,unknown,"B2C Awareness",0.18,22,23,,,,,,,,,,2026-10-01,2026-10-07
"2105 | MOD - GSM | Awareness - All | Oct2026 | B2B",35-44,unknown,"B2B Awareness 01",0.15,22,25,,,,,,,,,,2026-10-01,2026-10-07
"2105 | MOD - GSM | Awareness - All | Oct2026 | B2B",55-64,unknown,"B2B Awareness 01",0.15,21,22,,,,,,,,,,2026-10-01,2026-10-07
"2105 | MOD - GSM | Awareness - Khonkaen-Udon | Oct2026",55-64,unknown,"B2C Awareness 02",0.15,10,19,,,,,,,,,,2026-10-01,2026-10-07
"2105 | MOD - GSM | Awareness - Khonkaen-Udon | Oct2026",65+,unknown,"B2C Awareness 02",0.14,12,20,,,,,,,,,,2026-10-01,2026-10-07
"2105 | MOD - GSM | Awareness - All | Oct2026 | B2B",45-54,unknown,"B2B Awareness 01",0.13,20,26,,,,,,,,,,2026-10-01,2026-10-07
"2105 | MOD - GSM | Awareness - Chonburi | Oct2026",45-54,unknown,"B2C Awareness",0.13,13,16,,,,,,,,,,2026-10-01,2026-10-07
"2105 | MOD - GSM | Awareness - Korat | Oct2026",25-34,unknown,"B2C Awareness",0.12,16,18,,,,,,,,,,2026-10-01,2026-10-07
"2105 | MOD - GSM | Awareness - BKK | Oct2026",55-64,unknown,"B2C Awareness",0.12,15,16,,,,,,,,,,2026-10-01,2026-10-07
"2105 | MOD - GSM | Awareness - Chonburi | Oct2026",55-64,unknown,"B2C Awareness",0.11,8,10,,,,,,,,,,2026-10-01,2026-10-07
"2105 | MOD - GSM | Awareness - Chonburi | Oct2026",35-44,unknown,"B2C Awareness",0.11,17,19,,,,,,,,,,2026-10-01,2026-10-07
"2105 | MOD - GSM | Awareness - BKK | Oct2026",65+,unknown,"B2C Awareness",0.1,12,13,,,,,,,,,,2026-10-01,2026-10-07
"2105 | MOD - GSM | Awareness - BKK | Oct2026",35-44,unknown,"B2C Awareness",0.1,17,18,,,,,,,,,,2026-10-01,2026-10-07
"2105 | MOD - GSM | Awareness - Korat | Oct2026",45-54,unknown,"B2C Awareness",0.09,10,10,,,,,,,,,,2026-10-01,2026-10-07
"2105 | MOD - GSM | Awareness - Korat | Oct2026",35-44,unknown,"B2C Awareness",0.09,9,10,,,,,,,,,,2026-10-01,2026-10-07
"2105 | MOD - GSM | Awareness - Korat | Oct2026",55-64,unknown,"B2C Awareness",0.07,8,9,,,,,,,,,,2026-10-01,2026-10-07
"2105 | MOD - GSM | Awareness - BKK | Oct2026",25-34,unknown,"B2C Awareness",0.07,16,16,,,,,,,,,,2026-10-01,2026-10-07
"2105 | MOD - GSM | Awareness - Khonkaen-Udon | Oct2026",35-44,unknown,"B2C Awareness",0.07,9,9,,,,,,,,,,2026-10-01,2026-10-07
"2105 | MOD - GSM | Awareness - Opening - Udon | Oct2026",35-44,unknown,"Opening-Udon-Awareness 01",0.06,6,7,,,,,,,,,,2026-10-01,2026-10-07
"2105 | MOD - GSM | Awareness - Khonkaen-Udon | Oct2026",45-54,unknown,"B2C Awareness",0.06,6,6,,,,,,,,,,2026-10-01,2026-10-07
"2105 | MOD - GSM | Awareness - Khonkaen-Udon | Oct2026",55-64,unknown,"B2C Awareness",0.06,9,10,,,,,,,,,,2026-10-01,2026-10-07
"2105 | MOD - GSM | Awareness - All | Oct2026 | B2B",65+,unknown,"B2B Awareness 01",0.06,9,9,,,,,,,,,,2026-10-01,2026-10-07
"2105 | MOD - GSM | Awareness - Khonkaen-Udon | Oct2026",25-34,unknown,"B2C Awareness",0.06,6,9,,,,,,,,,,2026-10-01,2026-10-07
"2105 | MOD - GSM | Awareness - Opening - Udon | Oct2026",45-54,unknown,"Opening-Udon-Awareness 01",0.05,7,7,,,,,,,,,,2026-10-01,2026-10-07
"2105 | MOD - GSM | Awareness - Khonkaen-Udon | Oct2026",35-44,unknown,"B2C Awareness",0.04,4,4,,,,,,,,,,2026-10-01,2026-10-07
"2105 | MOD - GSM | Awareness - Khonkaen-Udon | Oct2026",65+,unknown,"B2C Awareness",0.03,4,4,,,,,,,,,,2026-10-01,2026-10-07
"2105 | MOD - GSM | Awareness - Khonkaen-Udon | Oct2026",25-34,unknown,"B2C Awareness",0.03,4,4,,,,,,,,,,2026-10-01,2026-10-07
"2105 | MOD - GSM | Awareness - Opening - Udon | Oct2026",65+,unknown,"Opening-Udon-Awareness 01",0.03,3,3,,,,,,,,,,2026-10-01,2026-10-07
"2105 | MOD - GSM | Awareness - Opening - Thammasat | Oct2026",25-34,unknown,"Opening -thammasat- Awareness 01",0.03,3,3,,,,,,,,,,2026-10-01,2026-10-07
"2105 | MOD - GSM | Awareness - Opening - Nam Daeng - Theparak | Oct2026",25-34,unknown,"Opening - Nam Daeng - Theparak -Awareness 02",0.02,2,2,,,,,,,,,,2026-10-01,2026-10-07
"2105 | MOD - GSM | Awareness - Opening - Nam Daeng - Theparak | Oct2026",45-54,unknown,"Opening -Nam Daeng - Theparak - Awareness 01",0.02,3,3,,,,,,,,,,2026-10-01,2026-10-07
"2105 | MOD - GSM | Awareness - All | Oct2026 | B2B",35-44,unknown,"B2B Awareness 03",0.02,3,3,,1,,,,,2,,,2026-10-01,2026-10-07
"2105 | MOD - GSM | Awareness - Opening - Thammasat | Oct2026",35-44,unknown,"Opening - thammasat-Awareness 02",0.02,2,2,,,,,,,,,,2026-10-01,2026-10-07
"2105 | MOD - GSM | Awareness - Opening - Thammasat | Oct2026",55-64,unknown,"Opening - thammasat-Awareness 02",0.02,2,2,,,,,,,,,,2026-10-01,2026-10-07
"2105 | MOD - GSM | Awareness - Opening - Udon | Oct2026",25-34,unknown,"Opening-Udon-Awareness 02",0.02,4,4,,,,,,,,,,2026-10-01,2026-10-07
"2105 | MOD - GSM | Awareness - Korat | Oct2026",65+,unknown,"B2C Awareness",0.02,4,4,,,,,,,,,,2026-10-01,2026-10-07
"2105 | MOD - GSM | Awareness - Khonkaen-Udon | Oct2026",45-54,unknown,"B2C Awareness",0.02,3,3,,,,,,,,,,2026-10-01,2026-10-07
"2105 | MOD - GSM | Awareness - Chonburi | Oct2026",65+,unknown,"B2C Awareness",0.02,5,6,,,,,,,,,,2026-10-01,2026-10-07
"2105 | MOD - GSM | Awareness - Opening - Thammasat | Oct2026",35-44,unknown,"Opening -thammasat- Awareness 01",0.02,2,2,,,,,,,,,,2026-10-01,2026-10-07
"2105 | MOD - GSM | Awareness - Khonkaen-Udon | Oct2026",65+,unknown,"B2C Awareness",0.02,2,2,,,,,,,,,,2026-10-01,2026-10-07
"2105 | MOD - GSM | Awareness - Opening - Nam Daeng - Theparak | Oct2026",45-54,unknown,"Opening - Nam Daeng - Theparak -Awareness 02",0.01,2,2,,,,,,,,,,2026-10-01,2026-10-07
"2105 | MOD - GSM | Awareness - Opening - Udon | Oct2026",55-64,unknown,"Opening-Udon-Awareness 02",0.01,1,1,,,,,,,,,,2026-10-01,2026-10-07
"2105 | MOD - GSM | Awareness - Opening - Udon | Oct2026",35-44,unknown,"Opening-Udon-Awareness 02",0.01,1,1,,,,,,,,,,2026-10-01,2026-10-07
"2105 | MOD - GSM | Awareness - Opening - Thammasat | Oct2026",45-54,unknown,"Opening - thammasat-Awareness 02",0.01,1,1,,,,,,,,,,2026-10-01,2026-10-07
"2105 | MOD - GSM | Awareness - Opening - Nam Daeng - Theparak | Oct2026",35-44,unknown,"Opening - Nam Daeng - Theparak -Awareness 02",0.01,1,1,,,,,,,,,,2026-10-01,2026-10-07
"2105 | MOD - GSM | Awareness - Opening - Nam Daeng - Theparak | Oct2026",55-64,unknown,"Opening -Nam Daeng - Theparak - Awareness 01",0.01,1,1,,,,,,,,,,2026-10-01,2026-10-07
"2105 | MOD - GSM | Awareness - Opening - Thammasat | Oct2026",25-34,unknown,"Opening - thammasat-Awareness 02",0.01,1,1,,,,,,,,,,2026-10-01,2026-10-07
"2105 | MOD - GSM | Awareness - Opening - Nam Daeng - Theparak | Oct2026",25-34,unknown,"Opening -Nam Daeng - Theparak - Awareness 01",0.01,1,1,,,,,,,,,,2026-10-01,2026-10-07
"2105 | MOD - GSM | Awareness - Opening - Udon | Oct2026",45-54,unknown,"Opening-Udon-Awareness 02",0.01,1,1,,,,,,,,,,2026-10-01,2026-10-07
"2105 | MOD - GSM | Awareness - Opening - Thammasat | Oct2026",45-54,unknown,"Opening -thammasat- Awareness 01",0.01,1,1,,,,,,,,,,2026-10-01,2026-10-07
"2105 | MOD - GSM | Awareness - All | Oct2026 | B2B",45-54,unknown,"B2B Awareness 03",0.01,1,1,,,,,,,1,,,2026-10-01,2026-10-07
"2105 | MOD - GSM | Awareness - Chonburi | Oct2026",35-44,unknown,"B2C Awareness 03",0,1,1,,,,,,,1,,,2026-10-01,2026-10-07
"2105 | MOD - GSM | Awareness - Opening - Thammasat | Oct2026",55-64,unknown,"Opening -thammasat- Awareness 01",0,1,1,,,,,,,,,,2026-10-01,2026-10-07
"2105 | MOD - GSM | Awareness - All | Oct2026 | B2B",55-64,unknown,"B2B Awareness 03",0,1,1,,1,,,,,1,,,2026-10-01,2026-10-07
"2105 | MOD - GSM | Awareness - Khonkaen-Udon | Oct2026",55-64,unknown,"B2C Awareness",0,1,1,,,,,,,,,,2026-10-01,2026-10-07
