"Campaign name",Age,Gender,"Ad name","Amount spent (THB)",Reach,Impressions,"Facebook likes","Post engagements","Post comments","Post reactions","Post saves","Post shares","Video plays",Leads,"Reporting starts","Reporting ends"
"2105 | MOD - GSM | Page Follower",55-64,female,"ของที่ร้านอื่นส่ายหน้า มาหาเฮียหลอมได้เลย",1707.66,11335,20587,867,14074,11,1298,35,34,20036,,2026-09-01,2026-09-30
"2105 | MOD - GSM | Page Follower",45-54,male,"มีเงิน ทอง นาก เก่า ไม่ได้ใช้ อย่าทิ้งไว้ให้เสียเปล่า",1566.09,15990,25874,940,17678,9,1389,12,24,24512,,2026-09-01,2026-09-30
"2105 | MOD - GSM | Page Follower",45-54,female,"ของที่ร้านอื่นส่ายหน้า มาหาเฮียหลอมได้เลย",1563.34,11443,19992,780,12280,10,1311,26,22,19265,,2026-09-01,2026-09-30
"2105 | MOD - GSM | Page Follower",35-44,male,"มีเงิน ทอง นาก เก่า ไม่ได้ใช้ อย่าทิ้งไว้ให้เสียเปล่า",1502.99,17666,27087,953,16928,1,1245,13,17,25522,,2026-09-01,2026-09-30
"2105 | MOD - GSM | Page Follower",55-64,female,"มีเงิน ทอง นาก เก่า ไม่ได้ใช้ อย่าทิ้งไว้ให้เสียเปล่า",1183.75,12148,18255,694,13420,15,902,14,25,17420,,2026-09-01,2026-09-30
"2105 | MOD - GSM | Page Follower",35-44,female,"ของที่ร้านอื่นส่ายหน้า มาหาเฮียหลอมได้เลย",1169.69,9049,16102,618,8769,2,858,12,19,15366,,2026-09-01,2026-09-30
"2105 | MOD - GSM | Page Follower",45-54,female,"มีเงิน ทอง นาก เก่า ไม่ได้ใช้ อย่าทิ้งไว้ให้เสียเปล่า",1142.26,12742,19086,723,13245,11,996,11,22,17976,,2026-09-01,2026-09-30
"2105 | MOD - GSM | Page Follower",65+,female,"ของที่ร้านอื่นส่ายหน้า มาหาเฮียหลอมได้เลย",1045.58,6138,11677,512,8163,9,641,24,26,11411,,2026-09-01,2026-09-30
"2105 | MOD - GSM | Page Follower",25-34,male,"มีเงิน ทอง นาก เก่า ไม่ได้ใช้ อย่าทิ้งไว้ให้เสียเปล่า",1043.83,11667,18631,668,11307,1,841,12,13,17525,,2026-09-01,2026-09-30
"2105 | MOD - GSM | Page Follower",55-64,male,"มีเงิน ทอง นาก เก่า ไม่ได้ใช้ อย่าทิ้งไว้ให้เสียเปล่า",1039.84,9734,15607,614,11136,3,796,14,16,15005,,2026-09-01,2026-09-30
"2105 | MOD - GSM | Page Follower",45-54,male,"ของที่ร้านอื่นส่ายหน้า มาหาเฮียหลอมได้เลย",928.12,6262,11487,397,6560,3,695,15,15,11092,,2026-09-01,2026-09-30
"2105 | MOD - GSM | Page Follower",35-44,male,"ของที่ร้านอื่นส่ายหน้า มาหาเฮียหลอมได้เลย",854.62,6567,11800,394,5958,1,578,8,8,11392,,2026-09-01,2026-09-30
"2105 | MOD - GSM | Page Follower",25-34,female,"ของที่ร้านอื่นส่ายหน้า มาหาเฮียหลอมได้เลย",794.19,6194,10935,379,5978,5,587,17,13,10455,,2026-09-01,2026-09-30
"2105 | MOD - GSM | Page Follower",35-44,female,"มีเงิน ทอง นาก เก่า ไม่ได้ใช้ อย่าทิ้งไว้ให้เสียเปล่า",787.29,9155,13887,461,8633,8,562,10,7,12930,,2026-09-01,2026-09-30
"2105 | MOD - GSM | Page Follower",55-64,male,"ของที่ร้านอื่นส่ายหน้า มาหาเฮียหลอมได้เลย",694.89,4387,7953,340,4909,,497,6,6,7712,,2026-09-01,2026-09-30
"2105 | MOD - GSM | Page Follower",25-34,female,"มีเงิน ทอง นาก เก่า ไม่ได้ใช้ อย่าทิ้งไว้ให้เสียเปล่า",599.28,6780,10275,390,6654,4,466,3,14,9655,,2026-09-01,2026-09-30
"2105 | MOD - GSM | Page Follower",25-34,male,"ของที่ร้านอื่นส่ายหน้า มาหาเฮียหลอมได้เลย",566.94,4368,8228,287,4070,1,436,14,7,7918,,2026-09-01,2026-09-30
"2105 | MOD - GSM | Page Follower",65+,female,"มีเงิน ทอง นาก เก่า ไม่ได้ใช้ อย่าทิ้งไว้ให้เสียเปล่า",446.48,4387,6657,313,4996,3,331,3,16,6397,,2026-09-01,2026-09-30
"2105 | MOD - GSM | Page Follower",65+,male,"ของที่ร้านอื่นส่ายหน้า มาหาเฮียหลอมได้เลย",361.3,2229,3924,175,2590,,233,13,15,3819,,2026-09-01,2026-09-30
"2105 | MOD - GSM | Page Follower",65+,male,"มีเงิน ทอง นาก เก่า ไม่ได้ใช้ อย่าทิ้งไว้ให้เสียเปล่า",357.74,3218,5174,209,3741,2,268,6,8,4985,,2026-09-01,2026-09-30
"2105 | MOD - GSM | Page Follower",35-44,male,"มีเงิน ทอง นาก เก่า ไม่ได้ใช้ อย่าทิ้งไว้ให้เสียเปล่า",313.86,4023,5901,17,2522,,117,6,1,5540,,2026-09-01,2026-09-30
"2105 | MOD - GSM | Page Follower",45-54,male,"มีเงิน ทอง นาก เก่า ไม่ได้ใช้ อย่าทิ้งไว้ให้เสียเปล่า",250.68,2748,3836,15,1809,1,124,4,3,3571,,2026-09-01,2026-09-30
"2105 | MOD - GSM | Page Follower",25-34,male,"มีเงิน ทอง นาก เก่า ไม่ได้ใช้ อย่าทิ้งไว้ให้เสียเปล่า",197.14,2978,4405,19,1781,,90,4,1,4165,,2026-09-01,2026-09-30
"2105 | MOD - GSM | Page Follower",45-54,female,"มีเงิน ทอง นาก เก่า ไม่ได้ใช้ อย่าทิ้งไว้ให้เสียเปล่า",152.5,1704,2217,8,1161,,62,2,2,2084,,2026-09-01,2026-09-30
"2105 | MOD - GSM | Page Follower",35-44,female,"มีเงิน ทอง นาก เก่า ไม่ได้ใช้ อย่าทิ้งไว้ให้เสียเปล่า",137.62,1867,2573,4,1176,,41,,,2381,,2026-09-01,2026-09-30
"2105 | MOD - GSM | Page Follower",55-64,male,"มีเงิน ทอง นาก เก่า ไม่ได้ใช้ อย่าทิ้งไว้ให้เสียเปล่า",107.87,963,1322,6,662,,35,1,1,1234,,2026-09-01,2026-09-30
"2105 | MOD - GSM | Page Follower",18-24,male,"มีเงิน ทอง นาก เก่า ไม่ได้ใช้ อย่าทิ้งไว้ให้เสียเปล่า",102.47,1297,2016,52,1216,,92,4,2,1895,,2026-09-01,2026-09-30
"2105 | MOD - GSM | Page Follower",18-24,female,"ของที่ร้านอื่นส่ายหน้า มาหาเฮียหลอมได้เลย",91.56,690,1275,45,717,,74,4,6,1225,,2026-09-01,2026-09-30
"2105 | MOD - GSM | Page Follower",25-34,female,"มีเงิน ทอง นาก เก่า ไม่ได้ใช้ อย่าทิ้งไว้ให้เสียเปล่า",79.55,1058,1594,5,666,,20,,6,1489,,2026-09-01,2026-09-30
"2105 | MOD - GSM | Page Follower",18-24,female,"มีเงิน ทอง นาก เก่า ไม่ได้ใช้ อย่าทิ้งไว้ให้เสียเปล่า",79.5,907,1415,48,917,,59,,1,1322,,2026-09-01,2026-09-30
"2105 | MOD - GSM | Page Follower",18-24,male,"ของที่ร้านอื่นส่ายหน้า มาหาเฮียหลอมได้เลย",68.32,535,983,47,512,,57,1,3,936,,2026-09-01,2026-09-30
"2105 | MOD - GSM | Page Follower",55-64,female,"มีเงิน ทอง นาก เก่า ไม่ได้ใช้ อย่าทิ้งไว้ให้เสียเปล่า",65.63,756,964,4,544,,33,1,1,905,,2026-09-01,2026-09-30
"2105 | MOD - GSM | Page Follower",65+,male,"มีเงิน ทอง นาก เก่า ไม่ได้ใช้ อย่าทิ้งไว้ให้เสียเปล่า",32.36,323,436,2,224,,6,1,,415,,2026-09-01,2026-09-30
"2105 | MOD - GSM | Page Follower",65+,female,"มีเงิน ทอง นาก เก่า ไม่ได้ใช้ อย่าทิ้งไว้ให้เสียเปล่า",29.56,317,422,1,205,,1,,,398,,2026-09-01,2026-09-30
"2105 | MOD - GSM | Page Follower",18-24,male,"มีเงิน ทอง นาก เก่า ไม่ได้ใช้ อย่าทิ้งไว้ให้เสียเปล่า",27.12,521,795,2,286,,11,1,,747,,2026-09-01,2026-09-30
"2105 | MOD - GSM | Page Follower",18-24,female,"มีเงิน ทอง นาก เก่า ไม่ได้ใช้ อย่าทิ้งไว้ให้เสียเปล่า",10.72,161,232,,91,,2,1,1,216,,2026-09-01,2026-09-30
"2105 | MOD - GSM | Page Follower",35-44,unknown,"มีเงิน ทอง นาก เก่า ไม่ได้ใช้ อย่าทิ้งไว้ให้เสียเปล่า",8.56,101,139,12,98,,13,,1,125,,2026-09-01,2026-09-30
"2105 | MOD - GSM | Page Follower",55-64,unknown,"ของที่ร้านอื่นส่ายหน้า มาหาเฮียหลอมได้เลย",7.78,42,63,3,40,,3,,,63,,2026-09-01,2026-09-30
"2105 | MOD - GSM | Page Follower",35-44,unknown,"ของที่ร้านอื่นส่ายหน้า มาหาเฮียหลอมได้เลย",7.59,67,115,4,61,,5,1,,104,,2026-09-01,2026-09-30
"2105 | MOD - GSM | Page Follower",45-54,unknown,"ของที่ร้านอื่นส่ายหน้า มาหาเฮียหลอมได้เลย",7.35,60,93,2,40,,3,,,86,,2026-09-01,2026-09-30
"2105 | MOD - GSM | Page Follower",25-34,unknown,"มีเงิน ทอง นาก เก่า ไม่ได้ใช้ อย่าทิ้งไว้ให้เสียเปล่า",6.84,74,105,5,68,,9,1,,94,,2026-09-01,2026-09-30
"2105 | MOD - GSM | Page Follower",25-34,unknown,"ของที่ร้านอื่นส่ายหน้า มาหาเฮียหลอมได้เลย",6.01,51,81,1,35,,4,,,75,,2026-09-01,2026-09-30
"2105 | MOD - GSM | Page Follower",65+,unknown,"ของที่ร้านอื่นส่ายหน้า มาหาเฮียหลอมได้เลย",5.71,15,28,2,20,,,,,28,,2026-09-01,2026-09-30
"2105 | MOD - GSM | Page Follower",45-54,unknown,"มีเงิน ทอง นาก เก่า ไม่ได้ใช้ อย่าทิ้งไว้ให้เสียเปล่า",5.18,60,93,3,56,,5,,,87,,2026-09-01,2026-09-30
"2105 | MOD - GSM | Page Follower",55-64,unknown,"มีเงิน ทอง นาก เก่า ไม่ได้ใช้ อย่าทิ้งไว้ให้เสียเปล่า",4.72,42,61,3,46,,2,,,57,,2026-09-01,2026-09-30
"2105 | MOD - GSM | Page Follower",35-44,unknown,"มีเงิน ทอง นาก เก่า ไม่ได้ใช้ อย่าทิ้งไว้ให้เสียเปล่า",4.31,31,54,,29,,2,,,49,,2026-09-01,2026-09-30
"2105 | MOD - GSM | Page Follower",25-34,unknown,"มีเงิน ทอง นาก เก่า ไม่ได้ใช้ อย่าทิ้งไว้ให้เสียเปล่า",1.67,27,45,,17,,1,,,44,,2026-09-01,2026-09-30
"2105 | MOD - GSM | Page Follower",45-54,unknown,"มีเงิน ทอง นาก เก่า ไม่ได้ใช้ อย่าทิ้งไว้ให้เสียเปล่า",1.22,17,18,,13,,,,,15,,2026-09-01,2026-09-30
"2105 | MOD - GSM | Page Follower",65+,unknown,"มีเงิน ทอง นาก เก่า ไม่ได้ใช้ อย่าทิ้งไว้ให้เสียเปล่า",1.19,8,12,,6,,,,,10,,2026-09-01,2026-09-30
"2105 | MOD - GSM | Page Follower",18-24,unknown,"ของที่ร้านอื่นส่ายหน้า มาหาเฮียหลอมได้เลย",1.17,8,17,1,5,,2,,,17,,2026-09-01,2026-09-30
"2105 | MOD - GSM | Page Follower",55-64,unknown,"มีเงิน ทอง นาก เก่า ไม่ได้ใช้ อย่าทิ้งไว้ให้เสียเปล่า",1.06,14,16,,12,,1,,,16,,2026-09-01,2026-09-30
"2105 | MOD - GSM | Page Follower",18-24,unknown,"มีเงิน ทอง นาก เก่า ไม่ได้ใช้ อย่าทิ้งไว้ให้เสียเปล่า",0.86,9,13,,4,,,,,13,,2026-09-01,2026-09-30
"2105 | MOD - GSM | Page Follower",18-24,unknown,"มีเงิน ทอง นาก เก่า ไม่ได้ใช้ อย่าทิ้งไว้ให้เสียเปล่า",0.51,2,2,,1,,,,,2,,2026-09-01,2026-09-30
"2105 | MOD - GSM | Page Follower",65+,unknown,"มีเงิน ทอง นาก เก่า ไม่ได้ใช้ อย่าทิ้งไว้ให้เสียเปล่า",0.01,1,1,,1,,,,,1,,2026-09-01,2026-09-30
"2105 | MOD - GSM | Page Follower",Unknown,unknown,"มีเงิน ทอง นาก เก่า ไม่ได้ใช้ อย่าทิ้งไว้ให้เสียเปล่า",0,0,0,,1,,,,,1,,2026-09-01,2026-09-30
